idx,year,month,day,miss,need,bought,peak_bldg_buy_kwh,offpeak_bldg_buy_kwh,peak_chg_buy_kwh,offpeak_chg_buy_kwh,policy
0,2023,4,1,0.0,11.9,20.0,833.75,250.0,20.0,0.0,0.0
1,2023,4,2,0.0,12.356799999999993,25.000000000000004,833.75,242.85,25.0,0.0,0.0
2,2023,4,3,0.0,34.34720000000001,49.99999999999999,833.75,242.85,50.0,0.0,0.0
3,2023,4,4,0.0,66.257,94.99999999999996,833.75,242.85,95.0,0.0,0.0
4,2023,4,5,0.0,46.908,60.000000000000014,833.75,242.90000000000003,60.0,0.0,0.0
5,2023,4,6,0.0,101.261,110.00000000000004,833.75,242.90000000000003,110.0,0.0,0.0
6,2023,4,7,0.0,109.76019999999998,160.0,793.9625000000001,232.94166666666663,160.0,0.0,0.0
7,2023,4,8,0.0,12.046600000000003,15.000000000000004,450.3375,224.65833333333333,15.0,0.0,0.0
8,2023,4,9,0.0,23.119000000000003,30.000000000000007,451.6125,216.575,30.0,0.0,0.0
9,2023,4,10,0.0,100.9848,130.0,1219.4916666666666,225.1833333333333,130.0,0.0,0.0
10,2023,4,11,0.0,58.6592,75.0,1068.3041666666668,216.6833333333333,75.0,0.0,0.0
11,2023,4,12,0.0,96.3734,115.0,960.2875,213.3875,115.0,0.0,0.0
12,2023,4,13,0.0,113.041,154.99999999999997,949.79375,219.10625,155.0,0.0,0.0
13,2023,4,14,0.0,67.80839999999999,95.0,976.975,213.1125,95.0,0.0,0.0
14,2023,4,15,0.0,4.352,5.0,425.2,211.025,5.0,0.0,0.0
15,2023,4,16,0.0,2.5520000000000014,5.000000000000002,447.70416666666665,222.5583333333333,5.0,0.0,0.0
16,2023,4,17,0.0,33.623999999999995,45.0,900.0375,236.65,45.0,0.0,0.0
17,2023,4,18,0.0,20.72,35.00000000000001,880.5062499999999,238.31875,35.0,0.0,0.0
18,2023,4,19,0.0,90.876,105.00000000000004,993.3625,241.4125,105.0,0.0,0.0
19,2023,4,20,0.0,79.8658,95.0,1125.8416666666667,235.1458333333333,95.0,0.0,0.0
20,2023,4,21,0.0,110.2194,150.0,1313.0125,238.3,150.0,0.0,0.0
21,2023,4,22,0.0,24.9712,35.0,463.0958333333333,207.30416666666667,35.0,0.0,0.0
22,2023,4,23,0.0,12.691399999999998,14.999999999999996,440.0875,204.25,15.0,0.0,0.0
23,2023,4,24,0.0,67.69160000000001,85.0,1166.5875,211.2375,85.0,0.0,0.0
24,2023,4,25,0.0,87.08479999999999,110.00000000000004,1342.6,224.8375,110.0,0.0,0.0
25,2023,4,26,0.0,72.80219999999997,85.00000000000001,1489.275,238.7,85.0,0.0,0.0
26,2023,4,27,0.0,68.027,90.0,1651.6,245.575,90.0,0.0,0.0
27,2023,4,28,0.0,66.40780000000001,80.00000000000001,1447.4625,251.5375,80.0,0.0,0.0
28,2023,4,29,0.0,4.988000000000001,4.999999999999998,458.6208333333333,228.99166666666667,5.0,0.0,0.0
29,2023,4,30,0.0,11.092200000000004,20.0,456.1125,225.25,20.0,0.0,0.0
30,2023,6,1,0.0,96.3108,120.0,1033.9333333333332,243.54166666666663,120.0,0.0,0.0
31,2023,6,2,0.0,78.74000000000002,110.0,1078.475,230.7375,110.0,0.0,0.0
32,2023,6,3,0.0,10.1246,15.0,497.92083333333335,221.09583333333333,15.0,0.0,0.0
33,2023,6,4,0.0,26.873800000000003,45.0,485.4875,232.6458333333333,45.0,0.0,0.0
34,2023,6,5,0.0,68.16260000000001,105.0,1260.6125000000002,253.9625,105.0,0.0,0.0
35,2023,6,6,0.0,56.6592,70.0,1034.11875,259.06875,70.0,0.0,0.0
36,2023,6,7,0.0,51.16,75.0,1218.8125,273.07916666666665,75.0,0.0,0.0
37,2023,6,8,0.0,71.01879999999998,95.0,1198.975,228.2083333333333,95.0,0.0,0.0
38,2023,6,9,0.0,61.4838,85.0,1025.625,226.3625,85.0,0.0,0.0
39,2023,6,10,0.0,12.4682,14.999999999999996,455.5875,215.375,15.0,0.0,0.0
40,2023,6,11,0.0,15.721199999999998,24.999999999999996,474.3,233.35,25.0,0.0,0.0
41,2023,6,12,0.0,143.79180000000002,180.0,1357.35,251.3875,180.0,0.0,0.0
42,2023,6,13,0.0,69.40359999999998,79.99999999999999,1365.5,259.5875,80.0,0.0,0.0
43,2023,6,14,0.0,119.0214,155.0,1322.5875,256.04999999999995,155.0,0.0,0.0
44,2023,6,15,0.0,109.3388,140.0,1246.3,259.8125,140.0,0.0,0.0
45,2023,6,16,0.0,74.97739999999999,90.00000000000001,1318.7125,253.1375,90.0,0.0,0.0
46,2023,6,17,0.0,10.256000000000002,15.000000000000002,524.875,248.0625,15.0,0.0,0.0
47,2023,6,18,0.0,6.431999999999999,10.000000000000002,535.3416666666667,231.1208333333333,10.0,0.0,0.0
48,2023,6,19,0.0,101.9282,129.99999999999997,1005.875,245.35,130.0,0.0,0.0
49,2023,6,20,0.0,58.408,65.0,1177.6,238.0,65.0,0.0,0.0
50,2023,6,21,0.0,107.49440000000004,130.00000000000003,1133.49375,234.63958333333332,130.0,0.0,0.0
51,2023,6,22,0.0,65.82560000000001,80.0,1121.4625,244.01666666666665,80.0,0.0,0.0
52,2023,6,23,0.0,103.02219999999996,125.0,1185.4375,244.2875,125.0,0.0,0.0
53,2023,6,24,0.0,10.924400000000006,15.0,498.2416666666667,247.5958333333333,15.0,0.0,0.0
54,2023,6,25,0.0,22.68079999999999,35.0,496.35,245.275,35.0,0.0,0.0
55,2023,6,26,0.0,144.0396,175.0,1137.85,253.1625,175.0,0.0,0.0
56,2023,6,27,0.0,52.69800000000001,65.00000000000001,1052.0229166666668,266.81875,65.0,0.0,0.0
57,2023,6,28,0.0,50.264,60.00000000000001,1073.2375000000002,318.9833333333333,60.0,0.0,0.0
58,2023,6,29,0.0,87.84,115.0,1224.3125,330.63750000000005,115.0,0.0,0.0
59,2023,6,30,0.0,93.87659999999998,140.0,1496.5625,337.525,140.0,0.0,0.0
60,2023,11,1,0.0,49.1666,60.0,1248.1125,288.41666666666663,60.0,0.0,0.0
61,2023,11,2,0.0,66.0546,110.00000000000004,1210.2125,278.3625,110.0,0.0,0.0
62,2023,11,3,0.0,47.89679999999999,70.0,1287.0,276.625,70.0,0.0,0.0
63,2023,11,4,0.0,16.596,30.000000000000007,549.8125,276.2875,30.0,0.0,0.0
64,2023,11,5,0.0,18.6808,29.999999999999982,581.9625000000001,257.0,30.0,0.0,0.0
65,2023,11,6,0.0,112.68,165.0,1302.375,259.1625,165.0,0.0,0.0
66,2023,11,7,0.0,66.95480000000002,84.99999999999996,1267.8625,251.225,85.0,0.0,0.0
67,2023,11,8,0.0,66.82480000000001,84.99999999999997,1311.2875,263.875,85.0,0.0,0.0
68,2023,11,9,0.0,57.150000000000006,65.0,1216.5375,260.1875,65.0,0.0,0.0
69,2023,11,10,0.0,46.5372,54.99999999999999,847.725,245.575,55.0,0.0,0.0
70,2023,11,11,0.0,10.006799999999998,15.0,569.5375,257.85,15.0,0.0,0.0
71,2023,11,12,0.0,3.968000000000007,5.0,534.65,266.8875,5.0,0.0,0.0
72,2023,11,13,0.0,97.1444,134.99999999999997,1126.6749999999995,268.6,135.0,0.0,0.0
73,2023,11,14,0.0,94.0996,114.99999999999996,1342.8249999999998,271.85,115.0,0.0,0.0
74,2023,11,15,0.0,97.6496,125.0,1258.5500000000002,280.825,125.0,0.0,0.0
75,2023,11,16,0.0,68.1962,90.00000000000001,1323.5,277.4125,90.0,0.0,0.0
76,2023,11,17,0.0,37.32400000000001,45.000000000000014,1173.5500000000002,269.4625,45.0,0.0,0.0
77,2023,11,18,0.0,5.160000000000002,9.999999999999998,547.3833333333333,257.6166666666667,10.0,0.0,0.0
78,2023,11,19,0.0,3.692000000000004,5.0,505.975,255.4125,5.0,0.0,0.0
79,2023,11,20,0.0,63.96039999999999,85.0,1070.4625,249.6625,85.0,0.0,0.0
80,2023,11,21,0.0,42.7068,60.0,954.375,259.04999999999995,60.0,0.0,0.0
81,2023,11,22,0.0,57.4798,90.0,993.9125,244.9375,90.0,0.0,0.0
82,2023,11,23,0.0,60.73759999999999,85.0,861.4749999999999,246.8375,85.0,0.0,0.0
83,2023,11,24,0.0,124.87340000000005,155.00000000000003,743.7625,272.15833333333336,155.0,0.0,0.0
84,2023,11,25,0.0,5.039999999999999,10.0,553.0749999999999,284.82916666666665,10.0,0.0,0.0
85,2023,11,26,0.0,6.0946,10.000000000000009,536.0125,269.6875,10.0,0.0,0.0
86,2023,11,27,0.0,102.5936,135.0,954.3125,265.42499999999995,135.0,0.0,0.0
87,2023,11,28,0.0,87.0692,120.0,990.3375,283.525,120.0,0.0,0.0
88,2023,11,29,0.0,48.32600000000001,75.0,1066.425,282.0375,75.0,0.0,0.0
89,2023,11,30,0.0,53.82640000000001,60.000000000000014,995.9791666666666,253.10416666666669,60.0,0.0,0.0
90,2024,1,1,0.0,89.7646,125.0,720.8374999999999,264.3375,125.0,0.0,0.0
91,2024,1,2,0.0,119.2734,165.0,976.9125,261.1625,165.0,0.0,0.0
92,2024,1,3,0.0,138.7006,170.0,898.3125,283.8125,170.0,0.0,0.0
93,2024,1,4,0.0,66.3168,95.0,1000.5625,279.32500000000005,95.0,0.0,0.0
94,2024,1,5,0.0,112.1456,135.0,1003.4875,277.61249999999995,135.0,0.0,0.0
95,2024,1,6,0.0,23.8748,35.0,512.5500000000001,240.325,35.0,0.0,0.0
96,2024,1,7,0.0,9.264800000000005,9.999999999999991,509.5999999999999,240.4,10.0,0.0,0.0
97,2024,1,8,0.0,67.3962,95.0,976.1583333333332,259.95416666666665,95.0,0.0,0.0
98,2024,1,9,0.0,76.37999999999998,120.0,814.0875000000001,258.525,120.0,0.0,0.0
99,2024,1,10,0.0,197.8012,285.0,881.2083333333334,253.91666666666669,285.0,0.0,0.0
100,2024,1,11,0.0,108.8166,160.0,821.175,267.9125,160.0,0.0,0.0
101,2024,1,12,0.0,145.3618,200.00000000000003,976.9125,286.47083333333336,200.0,0.0,0.0
102,2024,1,13,0.0,35.40700000000001,40.0,593.16875,283.34791666666666,40.0,0.0,0.0
103,2024,1,14,0.0,14.696000000000003,30.0,580.325,282.0,30.0,0.0,0.0
104,2024,1,15,0.0,91.8852,109.99999999999996,690.1,284.6125,110.0,0.0,0.0
105,2024,1,16,0.0,101.9774,145.00000000000003,937.6,281.725,145.0,0.0,0.0
106,2024,1,17,0.0,75.73940000000002,90.0,1245.3375,281.6625,90.0,0.0,0.0
107,2024,1,18,0.0,139.7486,159.99999999999997,918.1125,263.95000000000005,160.0,0.0,0.0
108,2024,1,19,0.0,100.5578,135.0,855.225,262.4375,135.0,0.0,0.0
109,2024,1,20,0.0,24.2212,30.000000000000007,507.3625,251.2,30.0,0.0,0.0
110,2024,1,21,0.0,24.4466,35.0,529.2875,251.425,35.0,0.0,0.0
111,2024,1,22,0.0,85.40420000000002,110.00000000000004,967.575,261.5375,110.0,0.0,0.0
112,2024,1,23,0.0,73.40799999999999,105.0,922.2875,272.475,105.0,0.0,0.0
113,2024,1,24,0.0,58.28,90.0,1120.025,300.82500000000005,90.0,0.0,0.0
114,2024,1,25,0.0,31.788000000000004,40.0,1153.4875,294.5125,40.0,0.0,0.0
115,2024,1,26,0.0,71.95160000000001,90.00000000000003,1096.5,294.54999999999995,90.0,0.0,0.0
116,2024,1,27,0.0,5.507999999999999,10.0,568.6750000000001,283.4625,10.0,0.0,0.0
117,2024,1,28,0.0,2.0680000000000014,5.0,588.7,283.11249999999995,5.0,0.0,0.0
118,2024,1,29,0.0,122.5402,155.0,1428.2125,288.0,155.0,0.0,0.0
119,2024,1,30,0.0,73.21079999999999,80.00000000000001,1252.0124999999998,291.6625,80.0,0.0,0.0
120,2024,1,31,0.0,98.2014,130.0,1125.5625,276.04999999999995,130.0,0.0,0.0
121,2023,4,1,0.0,11.9,17.5,833.75,250.0,17.5,0.0,1.0
122,2023,4,2,0.0,12.356799999999993,17.499999999999996,833.75,242.85,17.5,0.0,1.0
123,2023,4,3,0.0,34.34720000000001,47.49999999999999,833.75,242.85,47.5,0.0,1.0
124,2023,4,4,0.0,66.257,87.49999999999997,833.75,242.85,87.5,0.0,1.0
125,2023,4,5,0.0,46.908,65.0,833.75,242.90000000000003,65.0,0.0,1.0
126,2023,4,6,3.640000000000001,101.261,105.00000000000004,833.75,242.90000000000003,105.0,0.0,1.0
127,2023,4,7,0.0,109.76019999999998,137.5,793.9625000000001,232.94166666666663,137.5,0.0,1.0
128,2023,4,8,0.0,12.046600000000003,15.000000000000004,450.3375,224.65833333333333,15.0,0.0,1.0
129,2023,4,9,0.0,23.119000000000003,30.00000000000001,451.6125,216.575,30.0,0.0,1.0
130,2023,4,10,0.0,100.9848,122.5,1219.4916666666666,225.1833333333333,122.5,0.0,1.0
131,2023,4,11,0.0,58.6592,75.0,1068.3041666666668,216.6833333333333,75.0,0.0,1.0
132,2023,4,12,0.0,96.3734,115.0,960.2875,213.3875,115.0,0.0,1.0
133,2023,4,13,14.172399999999996,113.041,135.0,949.79375,219.10625,135.0,0.0,1.0
134,2023,4,14,13.026199999999996,67.80839999999999,72.49999999999999,976.975,213.1125,72.5,0.0,1.0
135,2023,4,15,0.0,4.352,5.0,425.2,211.025,5.0,0.0,1.0
136,2023,4,16,0.0,2.5520000000000014,5.000000000000002,447.70416666666665,222.5583333333333,5.0,0.0,1.0
137,2023,4,17,0.0,33.623999999999995,45.0,900.0375,236.65,45.0,0.0,1.0
138,2023,4,18,0.0,20.72,30.000000000000007,880.5062499999999,238.31875,30.0,0.0,1.0
139,2023,4,19,0.0,90.876,105.00000000000004,993.3625,241.4125,105.0,0.0,1.0
140,2023,4,20,0.0,79.8658,97.5,1125.8416666666667,235.1458333333333,97.5,0.0,1.0
141,2023,4,21,6.556800000000003,110.2194,127.50000000000004,1313.0125,238.3,127.5,0.0,1.0
142,2023,4,22,0.0,24.9712,35.000000000000014,463.0958333333333,207.30416666666667,35.0,0.0,1.0
143,2023,4,23,0.0,12.691399999999998,14.999999999999996,440.0875,204.25,15.0,0.0,1.0
144,2023,4,24,0.0,67.69160000000001,77.50000000000003,1166.5875,211.2375,77.5,0.0,1.0
145,2023,4,25,0.0,87.08479999999999,108.75000000000004,1342.6,224.8375,108.75,0.0,1.0
146,2023,4,26,0.0,72.80219999999997,82.50000000000001,1489.275,238.7,82.5,0.0,1.0
147,2023,4,27,0.0,68.027,85.0,1651.6,245.575,85.0,0.0,1.0
148,2023,4,28,1.9279999999999973,66.40780000000001,78.74999999999999,1447.4625,251.5375,78.75,0.0,1.0
149,2023,4,29,0.0,4.988000000000001,7.499999999999998,458.6208333333333,228.99166666666667,7.5,0.0,1.0
150,2023,4,30,0.0,11.092200000000004,17.5,456.1125,225.25,17.5,0.0,1.0
151,2023,6,1,0.0,96.3108,117.5,1033.9333333333332,243.54166666666663,117.5,0.0,1.0
152,2023,6,2,0.0,78.74000000000002,100.0,1078.475,230.7375,100.0,0.0,1.0
153,2023,6,3,0.0,10.1246,15.0,497.92083333333335,221.09583333333333,15.0,0.0,1.0
154,2023,6,4,0.0,26.873800000000003,37.500000000000014,485.4875,232.6458333333333,37.5,0.0,1.0
155,2023,6,5,0.0,68.16260000000001,96.25,1260.6125000000002,253.9625,96.25,0.0,1.0
156,2023,6,6,0.0,56.6592,72.5,1034.11875,259.06875,72.5,0.0,1.0
157,2023,6,7,0.0,51.16,68.75,1218.8125,273.07916666666665,68.75,0.0,1.0
158,2023,6,8,0.0,71.01879999999998,95.0,1198.975,228.2083333333333,95.0,0.0,1.0
159,2023,6,9,0.0,61.4838,77.5,1025.625,226.3625,77.5,0.0,1.0
160,2023,6,10,0.0,12.4682,14.999999999999996,455.5875,215.375,15.0,0.0,1.0
161,2023,6,11,0.0,15.721199999999998,22.5,474.3,233.35,22.5,0.0,1.0
162,2023,6,12,0.0,143.79180000000002,172.5,1357.35,251.3875,172.5,0.0,1.0
163,2023,6,13,0.0,69.40359999999998,82.49999999999999,1365.5,259.5875,82.5,0.0,1.0
164,2023,6,14,0.0,119.0214,150.0,1322.5875,256.04999999999995,150.0,0.0,1.0
165,2023,6,15,0.0,109.3388,132.5,1246.3,259.8125,132.5,0.0,1.0
166,2023,6,16,0.0,74.97739999999999,90.00000000000003,1318.7125,253.1375,90.0,0.0,1.0
167,2023,6,17,0.0,10.256000000000002,15.000000000000002,524.875,248.0625,15.0,0.0,1.0
168,2023,6,18,0.0,6.431999999999999,10.000000000000002,535.3416666666667,231.1208333333333,10.0,0.0,1.0
169,2023,6,19,0.0,101.9282,122.5,1005.875,245.35,122.5,0.0,1.0
170,2023,6,20,0.0,58.408,65.0,1177.6,238.0,65.0,0.0,1.0
171,2023,6,21,0.0,107.49440000000004,122.5,1133.49375,234.63958333333332,122.5,0.0,1.0
172,2023,6,22,0.0,65.82560000000001,76.25,1121.4625,244.01666666666665,76.25,0.0,1.0
173,2023,6,23,0.0,103.02219999999996,122.5,1185.4375,244.2875,122.5,0.0,1.0
174,2023,6,24,0.9244000000000056,10.924400000000006,10.0,498.2416666666667,247.5958333333333,10.0,0.0,1.0
175,2023,6,25,0.0,22.68079999999999,31.250000000000007,496.35,245.275,31.25,0.0,1.0
176,2023,6,26,0.0,144.0396,165.0,1137.85,253.1625,165.0,0.0,1.0
177,2023,6,27,0.0,52.69800000000001,62.500000000000014,1052.0229166666668,266.81875,62.5,0.0,1.0
178,2023,6,28,0.0,50.264,57.50000000000001,1073.2375000000002,318.9833333333333,57.5,0.0,1.0
179,2023,6,29,0.0,87.84,111.25,1224.3125,330.63750000000005,111.25,0.0,1.0
180,2023,6,30,0.0,93.87659999999998,127.5,1496.5625,337.525,127.5,0.0,1.0
181,2023,11,1,0.6230000000000047,49.1666,58.74999999999998,1248.1125,288.41666666666663,58.75,0.0,1.0
182,2023,11,2,0.0,66.0546,95.00000000000004,1210.2125,278.3625,95.0,0.0,1.0
183,2023,11,3,0.0,47.89679999999999,65.0,1287.0,276.625,65.0,0.0,1.0
184,2023,11,4,0.0,16.596,27.500000000000007,549.8125,276.2875,27.5,0.0,1.0
185,2023,11,5,1.2460000000000022,18.6808,23.749999999999982,581.9625000000001,257.0,23.75,0.0,1.0
186,2023,11,6,0.5337999999999923,112.68,152.50000000000003,1302.375,259.1625,152.5,0.0,1.0
187,2023,11,7,0.0,66.95480000000002,79.99999999999996,1267.8625,251.225,80.0,0.0,1.0
188,2023,11,8,4.459800000000001,66.82480000000001,77.50000000000003,1311.2875,263.875,77.5,0.0,1.0
189,2023,11,9,0.0,57.150000000000006,68.75,1216.5375,260.1875,68.75,0.0,1.0
190,2023,11,10,0.0,46.5372,57.49999999999999,847.725,245.575,57.5,0.0,1.0
191,2023,11,11,0.0,10.006799999999998,13.75,569.5375,257.85,13.75,0.0,1.0
192,2023,11,12,0.0,3.968000000000007,5.0,534.65,266.8875,5.0,0.0,1.0
193,2023,11,13,0.0,97.1444,117.49999999999996,1126.6749999999995,268.6,117.5,0.0,1.0
194,2023,11,14,3.4484000000000066,94.0996,107.49999999999996,1342.8249999999998,271.85,107.5,0.0,1.0
195,2023,11,15,8.056199999999997,97.6496,103.75,1258.5500000000002,280.825,103.75,0.0,1.0
196,2023,11,16,0.0,68.1962,87.50000000000003,1323.5,277.4125,87.5,0.0,1.0
197,2023,11,17,0.0,37.32400000000001,45.000000000000014,1173.5500000000002,269.4625,45.0,0.0,1.0
198,2023,11,18,0.0,5.160000000000002,9.999999999999998,547.3833333333333,257.6166666666667,10.0,0.0,1.0
199,2023,11,19,0.0,3.692000000000004,5.0,505.975,255.4125,5.0,0.0,1.0
200,2023,11,20,0.0,63.96039999999999,81.25,1070.4625,249.6625,81.25,0.0,1.0
201,2023,11,21,0.7799999999999976,42.7068,52.5,954.375,259.04999999999995,52.5,0.0,1.0
202,2023,11,22,0.0,57.4798,81.25,993.9125,244.9375,81.25,0.0,1.0
203,2023,11,23,11.0856,60.73759999999999,65.0,861.4749999999999,246.8375,65.0,0.0,1.0
204,2023,11,24,3.2528000000000112,124.87340000000005,147.5,743.7625,272.15833333333336,147.5,0.0,1.0
205,2023,11,25,0.0,5.039999999999999,10.0,553.0749999999999,284.82916666666665,10.0,0.0,1.0
206,2023,11,26,1.0945999999999998,6.0946,5.0,536.0125,269.6875,5.0,0.0,1.0
207,2023,11,27,0.0,102.5936,132.5,954.3125,265.42499999999995,132.5,0.0,1.0
208,2023,11,28,0.0,87.0692,111.24999999999996,990.3375,283.525,111.25,0.0,1.0
209,2023,11,29,0.0,48.32600000000001,75.0,1066.425,282.0375,75.0,0.0,1.0
210,2023,11,30,4.204199999999993,53.82640000000001,55.00000000000003,995.9791666666666,253.10416666666669,55.0,0.0,1.0
211,2024,1,1,0.0,89.7646,110.0,720.8374999999999,264.3375,110.0,0.0,1.0
212,2024,1,2,0.0,119.2734,156.25,976.9125,261.1625,156.25,0.0,1.0
213,2024,1,3,16.06460000000001,138.7006,145.0,898.3125,283.8125,145.0,0.0,1.0
214,2024,1,4,0.0,66.3168,90.00000000000001,1000.5625,279.32500000000005,90.0,0.0,1.0
215,2024,1,5,0.0,112.1456,132.5,1003.4875,277.61249999999995,132.5,0.0,1.0
216,2024,1,6,0.0,23.8748,35.0,512.5500000000001,240.325,35.0,0.0,1.0
217,2024,1,7,0.0,9.264800000000005,12.500000000000002,509.5999999999999,240.4,12.5,0.0,1.0
218,2024,1,8,0.0,67.3962,84.99999999999999,976.1583333333332,259.95416666666665,85.0,0.0,1.0
219,2024,1,9,0.0,76.37999999999998,105.0,814.0875000000001,258.525,105.0,0.0,1.0
220,2024,1,10,12.666600000000004,197.8012,254.99999999999991,881.2083333333334,253.91666666666669,255.0,0.0,1.0
221,2024,1,11,0.4100000000000001,108.8166,138.75,821.175,267.9125,138.75,0.0,1.0
222,2024,1,12,10.672000000000002,145.3618,182.50000000000003,976.9125,286.47083333333336,182.5,0.0,1.0
223,2024,1,13,4.0182,35.40700000000001,35.0,593.16875,283.34791666666666,35.0,0.0,1.0
224,2024,1,14,0.0,14.696000000000003,26.250000000000004,580.325,282.0,26.25,0.0,1.0
225,2024,1,15,2.979400000000009,91.8852,102.49999999999996,690.1,284.6125,102.5,0.0,1.0
226,2024,1,16,0.0,101.9774,127.5,937.6,281.725,127.5,0.0,1.0
227,2024,1,17,0.0,75.73940000000002,82.5,1245.3375,281.6625,82.5,0.0,1.0
228,2024,1,18,0.0,139.7486,164.99999999999994,918.1125,263.95000000000005,165.0,0.0,1.0
229,2024,1,19,13.802599999999996,100.5578,103.75000000000004,855.225,262.4375,103.75,0.0,1.0
230,2024,1,20,0.0,24.2212,27.500000000000007,507.3625,251.2,27.5,0.0,1.0
231,2024,1,21,0.0,24.4466,32.5,529.2875,251.425,32.5,0.0,1.0
232,2024,1,22,1.6683999999999983,85.40420000000002,102.5,967.575,261.5375,102.5,0.0,1.0
233,2024,1,23,0.0,73.40799999999999,96.25,922.2875,272.475,96.25,0.0,1.0
234,2024,1,24,0.0080000000000026,58.28,80.0,1120.025,300.82500000000005,80.0,0.0,1.0
235,2024,1,25,0.0,31.788000000000004,40.0,1153.4875,294.5125,40.0,0.0,1.0
236,2024,1,26,1.8599999999999997,71.95160000000001,88.75000000000001,1096.5,294.54999999999995,88.75,0.0,1.0
237,2024,1,27,0.0,5.507999999999999,7.5,568.6750000000001,283.4625,7.5,0.0,1.0
238,2024,1,28,3.3180000000000014,2.0680000000000014,-1.25,588.7,283.11249999999995,-1.25,0.0,1.0
239,2024,1,29,0.0,122.5402,155.0,1428.2125,288.0,155.0,0.0,1.0
240,2024,1,30,2.0603999999999942,73.21079999999999,76.25000000000001,1252.0124999999998,291.6625,76.25,0.0,1.0
241,2024,1,31,2.469600000000007,98.2014,124.99999999999996,1125.5625,276.04999999999995,125.0,0.0,1.0
242,24,1,1,34.9369258057617,89.7646,72.83694528692538,720.8374999999999,264.3375,46.9583253572717,0.0,3.0
243,24,1,2,59.00177992502574,119.2734,74.37270340830756,720.8374999999999,264.3375,71.98907896000824,0.0,3.0
244,24,1,3,70.25122621746014,138.7006,123.75481517906005,720.8374999999999,264.3375,123.75481517906007,0.0,3.0
245,24,1,4,90.67121473232756,66.3168,-17.346025843438714,720.8374999999999,264.3375,-36.75054578674937,0.0,3.0
246,24,1,5,52.45979500457102,112.1456,119.35963503339528,720.8374999999999,264.3375,119.35963503339524,0.0,3.0
247,24,1,6,6.935818181818194,23.8748,27.24020848484847,720.8374999999999,264.3375,27.24020848484847,0.0,3.0
248,24,1,7,17.82466666666667,9.264800000000005,-8.559866666666666,720.8374999999999,264.3375,-13.381999999999996,0.0,3.0
249,24,1,8,37.879002910982805,67.3962,55.27443302106427,720.8374999999999,264.3375,55.27443302106421,0.0,3.0
250,24,1,9,16.694036992372723,76.37999999999998,122.09065048495152,720.8374999999999,264.3375,137.61353923778603,0.0,3.0
251,24,1,10,90.82371511967196,197.8012,154.02147604344728,720.8374999999999,264.3375,140.5862846413309,0.0,3.0
252,24,1,11,96.82625518759012,108.8166,22.352851955267063,720.8374999999999,264.3375,-2.623179850546286,0.0,3.0
253,24,1,12,66.23970653017946,145.3618,109.93027015832922,720.8374999999999,264.3375,109.93027015832932,0.0,3.0
254,24,1,13,32.9059666666667,35.40700000000001,7.299526666666649,720.8374999999999,264.3375,7.2995266666666545,0.0,3.0
255,24,1,14,31.392352380952385,14.696000000000003,-6.196352380952387,720.8374999999999,264.3375,-6.196352380952384,0.0,3.0
256,24,1,15,48.40243692782914,91.8852,61.786626673881685,720.8374999999999,264.3375,61.78662667388167,0.0,3.0
257,24,1,16,5.969419406035275,101.9774,170.0377963373245,720.8374999999999,264.3375,175.29250863891178,0.0,3.0
258,24,1,17,42.75417519481023,75.73940000000002,87.20061965881906,720.8374999999999,264.3375,93.41275626596205,0.0,3.0
259,24,1,18,68.42691764401175,139.7486,73.95650417417005,720.8374999999999,264.3375,73.95650417417002,0.0,3.0
260,24,1,19,39.765896299903815,100.5578,95.22222719215974,720.8374999999999,264.3375,95.2222271921597,0.0,3.0
261,24,1,20,7.749609523809513,24.2212,28.083140476190483,720.8374999999999,264.3375,23.076340476190506,0.0,3.0
262,24,1,21,15.71808190476184,24.4466,27.24710142857151,720.8374999999999,264.3375,27.247101428571497,0.0,3.0
263,24,1,22,21.734135933463968,85.40420000000002,132.99363321290235,720.8374999999999,264.3375,140.44517744192734,0.0,3.0
264,24,1,23,57.50038798497445,73.40799999999999,54.54383380952384,720.8374999999999,264.3375,54.54383380952384,0.0,3.0
265,24,1,24,31.059734711779456,58.28,74.87885116262879,720.8374999999999,264.3375,82.80521801587305,0.0,3.0
266,24,1,25,31.28454336566212,31.788000000000004,6.897373575861977,720.8374999999999,264.3375,6.897373575861988,0.0,3.0
267,24,1,26,41.93624312423688,71.95160000000001,61.65744986721609,720.8374999999999,264.3375,56.8847705021368,0.0,3.0
268,24,1,27,0.0,5.507999999999999,16.16643333333333,720.8374999999999,264.3375,16.16643333333333,0.0,3.0
269,24,1,28,0.0,2.0680000000000014,13.117714285714287,720.8374999999999,264.3375,13.117714285714287,0.0,3.0
270,24,1,29,43.12272358080561,122.5402,109.37107805038818,720.8374999999999,264.3375,126.76166666666651,0.0,3.0
271,24,1,30,25.998668410112003,73.21079999999999,68.33152015873026,720.8374999999999,264.3375,68.7548693650794,0.0,3.0
272,24,1,31,61.24583971965377,98.2014,47.54961706265914,720.8374999999999,264.3375,0.0758849337023299,20.382,3.0
273,23,4,1,0.0,11.9,13.14702222222223,833.75,250.0,13.147022222222224,0.0,3.0
274,23,4,2,28.498919999999977,12.356799999999993,-0.8020971428571038,833.75,250.0,-0.8020971428571269,0.0,3.0
275,23,4,3,36.36646666666668,34.34720000000001,4.806273333333328,833.75,250.0,4.806273333333331,0.0,3.0
276,23,4,4,14.272578571428555,66.257,104.97388095238094,833.75,250.0,113.51567830687831,0.0,3.0
277,23,4,5,35.796987936507946,46.908,34.21964920634918,833.75,250.0,34.21964920634921,0.0,3.0
278,23,4,6,13.2582448917749,101.261,122.10391751248748,833.75,250.0,120.8954488528066,0.0,3.0
279,23,4,7,11.839533333333328,109.76019999999998,152.19597314814814,833.75,250.0,152.19597314814808,0.0,3.0
280,23,4,8,0.0,12.046600000000003,15.31105999999998,833.75,250.0,15.311060000000005,0.0,3.0
281,23,4,9,16.580906845238086,23.119000000000003,6.538093154761919,833.75,250.0,-9.088654761904747,0.0,3.0
282,23,4,10,13.709414736650752,100.9848,115.81146229316631,833.75,250.0,115.81146229316644,0.0,3.0
283,23,4,11,13.101031313131337,58.6592,89.6482797979725,833.75,250.0,97.7930464646392,0.0,3.0
284,23,4,12,15.504155555570112,96.3734,183.5235270237949,833.75,250.0,204.2959630158512,0.0,3.0
285,23,4,13,27.51054166666669,113.041,124.05360119047616,833.75,250.0,105.28560119047616,15.0,3.0
286,23,4,14,32.69165357142856,67.80839999999999,46.388028968253934,833.75,250.0,47.55202896825397,0.0,3.0
287,23,4,15,7.142933333333332,4.352,-2.7909333333333315,833.75,250.0,-2.790933333333328,0.0,3.0
288,23,4,16,0.0,2.5520000000000014,5.868000000000011,833.75,250.0,5.868000000000006,0.0,3.0
289,23,4,17,16.264201058201035,33.623999999999995,32.78452592593325,833.75,250.0,32.78452592593321,0.0,3.0
290,23,4,18,7.425695238095235,20.72,21.195099633699638,833.75,250.0,19.07243296703298,0.0,3.0
291,23,4,19,25.19653333333333,90.876,130.62441412698408,833.75,250.0,146.61375655122654,0.0,3.0
292,23,4,20,24.760811111106264,79.8658,85.16729206349689,833.75,250.0,74.28482658728552,0.0,3.0
293,23,4,21,23.26142545454548,110.2194,149.37857643577922,833.75,250.0,149.37857643577917,0.0,3.0
294,23,4,22,32.87851428571429,24.9712,3.2808857142857164,833.75,250.0,-3.017114285714289,0.0,3.0
295,23,4,23,2.290409999999998,12.691399999999998,13.52659000000002,833.75,250.0,13.526590000000006,0.0,3.0
296,23,4,24,36.98394119047626,67.69160000000001,34.20325880952376,833.75,250.0,37.40470880952381,0.0,3.0
297,23,4,25,21.74194515871317,87.08479999999999,116.95027539681318,833.75,250.0,116.95027539681324,0.0,3.0
298,23,4,26,14.468000000007304,72.80219999999997,73.4565723809451,833.75,250.0,73.45657238094512,0.0,3.0
299,23,4,27,5.463743650771463,68.027,100.7929230158968,833.75,250.0,101.16668650796396,0.0,3.0
300,23,4,28,66.17145940033572,66.40780000000001,26.73885766316075,833.75,250.0,26.60868059649869,0.0,3.0
301,23,4,29,11.511200000000002,4.988000000000001,-6.5232,833.75,250.0,-6.523199999999997,0.0,3.0
302,23,4,30,4.15001333333333,11.092200000000004,6.942186666666673,833.75,250.0,6.942186666666666,0.0,3.0
303,23,6,1,10.545077743568632,96.3108,100.83186189754684,1033.9333333333332,243.54166666666663,101.99365078643577,0.0,3.0
304,23,6,2,20.62025643678161,78.74000000000002,67.72365265412745,1033.9333333333332,243.54166666666663,59.65665311389762,0.0,3.0
305,23,6,3,0.0,10.1246,10.91640000000001,1033.9333333333332,243.54166666666663,10.916400000000005,0.0,3.0
306,23,6,4,19.533286904761923,26.873800000000003,9.499941666666636,1033.9333333333332,243.54166666666663,-2.2067556666666945,0.0,3.0
307,23,6,5,41.81375091856167,68.16260000000001,39.33653777315307,1033.9333333333332,243.54166666666663,41.85025897541783,0.0,3.0
308,23,6,6,14.735402727272772,56.6592,73.4360663474026,1033.9333333333332,243.54166666666663,84.08656384740263,0.0,3.0
309,23,6,7,21.02666820626149,51.16,65.81859264718602,1033.9333333333332,243.54166666666663,47.50247019047608,0.0,3.0
310,23,6,8,27.53592166666665,71.01879999999998,90.8089306815156,1033.9333333333332,243.54166666666663,82.4874908846646,10.0,3.0
311,23,6,9,24.70277942063485,61.4838,84.18028919047624,1033.9333333333332,243.54166666666663,86.89190204761906,0.0,3.0
312,23,6,10,0.0,12.4682,16.318449999999995,1033.9333333333332,243.54166666666663,18.544949999999996,0.0,3.0
313,23,6,11,4.794855555555557,15.721199999999998,21.297344444444413,1033.9333333333332,243.54166666666663,21.29734444444444,0.0,3.0
314,23,6,12,38.78186506680904,143.79180000000002,139.13659200617042,1033.9333333333332,243.54166666666663,146.77654333333334,0.0,3.0
315,23,6,13,16.150132151331057,69.40359999999998,76.69581605555555,1033.9333333333332,243.54166666666663,74.77880442361109,0.0,3.0
316,23,6,14,52.494748329135135,119.0214,77.0622694068424,1033.9333333333332,243.54166666666663,79.68527887623267,0.0,3.0
317,23,6,15,45.30149541265713,109.3388,117.34104513626224,1033.9333333333332,243.54166666666663,114.81709678000198,0.0,3.0
318,23,6,16,31.847558350869274,74.97739999999999,68.62494436041021,1033.9333333333332,243.54166666666663,66.60540218448425,0.0,3.0
319,23,6,17,4.2659047619047605,10.256000000000002,8.111761904761904,1033.9333333333332,243.54166666666663,8.111761904761906,0.0,3.0
320,23,6,18,0.0,6.431999999999999,11.931999999999992,1033.9333333333332,243.54166666666663,11.932,0.0,3.0
321,23,6,19,19.28844827380949,101.9282,122.97939529872136,1033.9333333333332,243.54166666666663,125.2421369058642,0.0,3.0
322,23,6,20,27.71661319584664,58.408,60.66224575321525,1033.9333333333332,243.54166666666663,51.62657827797017,0.0,3.0
323,23,6,21,43.02582032276543,107.49440000000004,102.9906213722115,1033.9333333333332,243.54166666666663,104.35956424007944,0.0,3.0
324,23,6,22,57.41906111538469,65.82560000000001,20.52586849999995,1033.9333333333332,243.54166666666663,20.525868499999923,0.0,3.0
325,23,6,23,21.38577094957985,103.02219999999996,125.23710148393064,1033.9333333333332,243.54166666666663,124.54019754345433,0.0,3.0
326,23,6,24,7.221650000000011,10.924400000000006,3.702749999999994,1033.9333333333332,243.54166666666663,3.702749999999998,0.0,3.0
327,23,6,25,11.159850000000006,22.68079999999999,21.438316666666665,1033.9333333333332,243.54166666666663,21.438316666666665,0.0,3.0
328,23,6,26,37.04564295161824,144.0396,147.25309259740186,1033.9333333333332,243.54166666666663,147.25309259740172,0.0,3.0
329,23,6,27,23.808306188526892,52.69800000000001,46.72488688554721,1033.9333333333332,243.54166666666663,37.75410325146202,0.0,3.0
330,23,6,28,7.649133333333323,50.264,73.00778450000013,1033.9333333333332,243.54166666666663,76.69731238888895,0.0,3.0
331,23,6,29,9.07093841269841,87.84,110.83540528673836,1033.9333333333332,243.54166666666663,124.87303650772115,0.0,3.0
332,23,6,30,39.98343108933693,93.87659999999998,80.42911620130836,1033.9333333333332,243.54166666666663,83.33509520218101,0.0,3.0
333,23,11,1,17.211724089896556,49.1666,47.3684900379397,1248.1125,288.41666666666663,60.32200446535436,0.0,3.0
334,23,11,2,34.4412156510874,66.0546,74.45629232499489,1248.1125,288.41666666666663,88.61515257275138,0.0,3.0
335,23,11,3,20.5986757631421,47.89679999999999,56.37466791062449,1248.1125,288.41666666666663,51.15003554319031,0.0,3.0
336,23,11,4,6.758114285714289,16.596,23.68421904761906,1248.1125,288.41666666666663,12.755969047619043,0.0,3.0
337,23,11,5,18.185040178571438,18.6808,26.691876488095232,1248.1125,288.41666666666663,26.69187648809524,0.0,3.0
338,23,11,6,25.785248221852523,112.68,108.24088334544992,1248.1125,288.41666666666663,98.71745230474404,0.0,3.0
339,23,11,7,6.429367596114279,66.95480000000002,78.02631078051269,1248.1125,288.41666666666663,78.8390643519412,0.0,3.0
340,23,11,8,29.008458830555067,66.82480000000001,55.265256579028325,1248.1125,288.41666666666663,55.26525657902832,0.0,3.0
341,23,11,9,49.99955802289891,57.150000000000006,41.40011489050741,1248.1125,288.41666666666663,46.49706021768719,0.0,3.0
342,23,11,10,33.60404289342405,46.5372,35.16839520181405,1248.1125,288.41666666666663,43.446728535147386,0.0,3.0
343,23,11,11,0.0,10.006799999999998,14.801413333333358,1248.1125,288.41666666666663,14.801413333333334,0.0,3.0
344,23,11,12,0.0,3.968000000000007,7.7180000000000035,1248.1125,288.41666666666663,7.7180000000000035,0.0,3.0
345,23,11,13,24.691600761119822,97.1444,155.92473599472837,1248.1125,288.41666666666663,167.48016831632657,0.0,3.0
346,23,11,14,22.77847122425321,94.0996,82.2689562094156,1248.1125,288.41666666666663,94.09960000000008,0.0,3.0
347,23,11,15,33.70310784276747,97.6496,84.68103035714279,1248.1125,288.41666666666663,84.68103035714282,0.0,3.0
348,23,11,16,29.63122358579748,68.1962,60.73793044069371,1248.1125,288.41666666666663,60.737930440693695,0.0,3.0
349,23,11,17,34.9645963223862,37.32400000000001,40.70358485941041,1248.1125,288.41666666666663,37.90354021655326,0.0,3.0
350,23,11,18,0.389999999999997,5.160000000000002,4.770000000000005,1248.1125,288.41666666666663,4.770000000000001,0.0,3.0
351,23,11,19,5.123000000000001,3.692000000000004,-1.4309999999999974,1248.1125,288.41666666666663,-1.6818888888888868,0.0,3.0
352,23,11,20,24.053854437358236,63.96039999999999,68.31220824121324,1248.1125,288.41666666666663,8.128386682727044,20.74533333333333,3.0
353,23,11,21,36.03416734848484,42.7068,24.75223707611834,1248.1125,288.41666666666663,17.920671446608928,0.0,3.0
354,23,11,22,28.511373536212947,57.4798,50.40310895468284,1248.1125,288.41666666666663,54.716637846624174,0.0,3.0
355,23,11,23,15.932719301386864,60.73759999999999,96.25813242811044,1248.1125,288.41666666666663,100.46016179318984,0.0,3.0
356,23,11,24,17.35444124937701,124.87340000000005,206.8736602642876,1248.1125,288.41666666666663,220.94191722768252,0.0,3.0
357,23,11,25,0.0,5.039999999999999,5.853777777777776,1248.1125,288.41666666666663,5.853777777777777,0.0,3.0
358,23,11,26,0.0,6.0946,20.726533333333336,1248.1125,288.41666666666663,20.726533333333336,0.0,3.0
359,23,11,27,45.86925197554984,102.5936,80.79950401534063,1248.1125,288.41666666666663,80.79950401534062,0.0,3.0
360,23,11,28,40.89639904857477,87.0692,72.31557533199899,1248.1125,288.41666666666663,76.93048952191053,0.0,3.0
361,23,11,29,50.8476921891749,48.32600000000001,7.940852847673176,1248.1125,288.41666666666663,-0.5177548805014602,0.0,3.0
362,23,11,30,28.1734515873016,53.82640000000001,41.52574067460317,1248.1125,288.41666666666663,41.5257406746032,0.0,3.0
363,2023,4,1,0.0,11.9,51.272,833.75,250.0,60.0,0.0,5.0
364,2023,4,2,0.0,12.356799999999993,80.81559999999998,833.75,242.85,165.0,0.0,5.0
365,2023,4,3,0.0,34.34720000000001,140.0106,833.75,242.85,230.0,0.0,5.0
366,2023,4,4,0.0,66.257,223.8928,833.75,242.85,285.0,0.0,5.0
367,2023,4,5,0.0,46.908,157.25479999999996,833.75,242.90000000000003,325.0,0.0,5.0
368,2023,4,6,0.0,101.261,310.5907999999999,833.75,242.90000000000003,590.0,0.0,5.0
369,2023,4,7,0.0,109.76019999999998,395.8159999999999,793.9625000000001,232.94166666666663,630.0,0.0,5.0
370,2023,4,8,0.0,12.046600000000003,37.76419999999999,450.3375,224.65833333333333,90.0,0.0,5.0
371,2023,4,9,0.0,23.119000000000003,148.6304,451.6125,216.575,170.0,0.0,5.0
372,2023,4,10,0.0,100.9848,389.7287999999999,1219.4916666666666,225.1833333333333,660.0,0.0,5.0
373,2023,4,11,0.0,58.6592,267.9408,1068.3041666666668,216.6833333333333,390.0,0.0,5.0
374,2023,4,12,0.0,96.3734,369.3774,960.2875,213.3875,885.0,0.0,5.0
375,2023,4,13,0.0,113.041,437.00659999999993,949.79375,219.10625,640.0,15.0,5.0
376,2023,4,14,0.0,67.80839999999999,247.574,976.975,213.1125,310.0,0.0,5.0
377,2023,4,15,0.0,4.352,21.196,425.2,211.025,25.0,0.0,5.0
378,2023,4,16,0.0,2.5520000000000014,21.928,447.70416666666665,222.5583333333333,25.0,0.0,5.0
379,2023,4,17,0.0,33.623999999999995,147.78,900.0375,236.65,170.0,0.0,5.0
380,2023,4,18,0.0,20.72,94.556,880.5062499999999,238.31875,105.0,0.0,5.0
381,2023,4,19,0.0,90.876,349.7033999999999,993.3625,241.4125,935.0,0.0,5.0
382,2023,4,20,0.0,79.8658,285.302,1125.8416666666667,235.1458333333333,430.0,0.0,5.0
383,2023,4,21,0.0,110.2194,343.40439999999995,1313.0125,238.3,575.0,0.0,5.0
384,2023,4,22,0.0,24.9712,80.11679999999998,463.0958333333333,207.30416666666667,95.0,0.0,5.0
385,2023,4,23,0.0,12.691399999999998,63.36559999999999,440.0875,204.25,100.0,0.0,5.0
386,2023,4,24,0.0,67.69160000000001,207.56359999999995,1166.5875,211.2375,545.0,0.0,5.0
387,2023,4,25,0.0,87.08479999999999,289.1069999999999,1342.6,224.8375,525.0,0.0,5.0
388,2023,4,26,0.0,72.80219999999997,300.3054,1489.275,238.7,410.0,0.0,5.0
389,2023,4,27,0.0,68.027,238.635,1651.6,245.575,385.0,0.0,5.0
390,2023,4,28,0.0,66.40780000000001,252.6712,1447.4625,251.5375,410.0,0.0,5.0
391,2023,4,29,0.0,4.988000000000001,21.668,458.6208333333333,228.99166666666667,25.0,0.0,5.0
392,2023,4,30,0.0,11.092200000000004,78.35319999999999,456.1125,225.25,95.0,0.0,5.0
393,2023,6,1,0.0,96.3108,333.77879999999993,1033.9333333333332,243.54166666666663,1035.0,0.0,5.0
394,2023,6,2,0.0,78.74000000000002,321.3651999999999,1078.475,230.7375,385.0,0.0,5.0
395,2023,6,3,0.0,10.1246,38.27259999999999,497.92083333333335,221.09583333333333,40.0,0.0,5.0
396,2023,6,4,0.0,26.873800000000003,167.26059999999998,485.4875,232.6458333333333,410.0,0.0,5.0
397,2023,6,5,0.0,68.16260000000001,289.72599999999994,1260.6125000000002,253.9625,395.0,0.0,5.0
398,2023,6,6,0.0,56.6592,213.21,1034.11875,259.06875,315.0,0.0,5.0
399,2023,6,7,0.0,51.16,245.408,1218.8125,273.07916666666665,275.0,0.0,5.0
400,2023,6,8,0.0,71.01879999999998,270.95859999999993,1198.975,228.2083333333333,425.0,0.0,5.0
401,2023,6,9,0.0,61.4838,236.575,1025.625,226.3625,390.0,0.0,5.0
402,2023,6,10,0.0,12.4682,34.192999999999984,455.5875,215.375,125.0,0.0,5.0
403,2023,6,11,0.0,15.721199999999998,98.6396,474.3,233.35,190.0,0.0,5.0
404,2023,6,12,0.0,143.79180000000002,476.0281999999999,1357.35,251.3875,1240.0,0.0,5.0
405,2023,6,13,0.0,69.40359999999998,318.17,1365.5,259.5875,440.0,0.0,5.0
406,2023,6,14,0.0,119.0214,472.2545999999999,1322.5875,256.04999999999995,800.0,0.0,5.0
407,2023,6,15,0.0,109.3388,480.7864,1246.3,259.8125,665.0,0.0,5.0
408,2023,6,16,0.0,74.97739999999999,289.6757999999999,1318.7125,253.1375,675.0,0.0,5.0
409,2023,6,17,0.0,10.256000000000002,45.232,524.875,248.0625,50.0,0.0,5.0
410,2023,6,18,0.0,6.431999999999999,40.428,535.3416666666667,231.1208333333333,45.0,0.0,5.0
411,2023,6,19,0.0,101.9282,379.81639999999993,1005.875,245.35,825.0,0.0,5.0
412,2023,6,20,0.0,58.408,281.376,1177.6,238.0,315.0,0.0,5.0
413,2023,6,21,0.0,107.49440000000004,420.236,1133.49375,234.63958333333332,990.0,0.0,5.0
414,2023,6,22,0.0,65.82560000000001,262.5678,1121.4625,244.01666666666665,520.0,0.0,5.0
415,2023,6,23,0.0,103.02219999999996,389.7792,1185.4375,244.2875,775.0,0.0,5.0
416,2023,6,24,0.0,10.924400000000006,34.71999999999999,498.2416666666667,247.5958333333333,65.0,0.0,5.0
417,2023,6,25,0.0,22.68079999999999,145.27419999999998,496.35,245.275,165.0,0.0,5.0
418,2023,6,26,0.0,144.0396,528.5367999999999,1137.85,253.1625,1490.0,0.0,5.0
419,2023,6,27,0.0,52.69800000000001,238.1538,1052.0229166666668,266.81875,315.0,0.0,5.0
420,2023,6,28,0.0,50.264,236.428,1073.2375000000002,318.9833333333333,270.0,0.0,5.0
421,2023,6,29,0.0,87.84,356.49499999999995,1224.3125,330.63750000000005,520.0,0.0,5.0
422,2023,6,30,0.0,93.87659999999998,402.143,1496.5625,337.525,525.0,0.0,5.0
423,2023,11,1,0.0,49.1666,198.0274,1248.1125,288.41666666666663,385.0,0.0,5.0
424,2023,11,2,0.0,66.0546,279.8793999999999,1210.2125,278.3625,350.0,0.0,5.0
425,2023,11,3,0.0,47.89679999999999,214.9354,1287.0,276.625,270.0,0.0,5.0
426,2023,11,4,0.0,16.596,67.68,549.8125,276.2875,75.0,0.0,5.0
427,2023,11,5,0.0,18.6808,135.4072,581.9625000000001,257.0,150.0,0.0,5.0
428,2023,11,6,0.0,112.68,426.7774,1302.375,259.1625,650.0,0.0,5.0
429,2023,11,7,0.0,66.95480000000002,252.91519999999997,1267.8625,251.225,445.0,0.0,5.0
430,2023,11,8,0.0,66.82480000000001,302.8556,1311.2875,263.875,460.0,0.0,5.0
431,2023,11,9,0.0,57.150000000000006,255.3732,1216.5375,260.1875,355.0,0.0,5.0
432,2023,11,10,0.0,46.5372,180.3612,847.725,245.575,255.0,0.0,5.0
433,2023,11,11,0.0,10.006799999999998,36.07779999999999,569.5375,257.85,50.0,0.0,5.0
434,2023,11,12,0.0,3.968000000000007,19.999999999999982,534.65,266.8875,20.0,0.0,5.0
435,2023,11,13,0.0,97.1444,366.5282,1126.6749999999995,268.6,645.0,0.0,5.0
436,2023,11,14,0.0,94.0996,311.9323999999999,1342.8249999999998,271.85,730.0,0.0,5.0
437,2023,11,15,0.0,97.6496,361.8193999999999,1258.5500000000002,280.825,770.0,0.0,5.0
438,2023,11,16,0.0,68.1962,226.836,1323.5,277.4125,515.0,0.0,5.0
439,2023,11,17,0.0,37.32400000000001,186.296,1173.5500000000002,269.4625,215.0,0.0,5.0
440,2023,11,18,0.0,5.160000000000002,22.072000000000003,547.3833333333333,257.6166666666667,25.0,0.0,5.0
441,2023,11,19,0.0,3.692000000000004,19.896,505.975,255.4125,20.0,0.0,5.0
442,2023,11,20,0.0,63.96039999999999,279.4158,1070.4625,249.6625,350.0,0.0,5.0
443,2023,11,21,0.0,42.7068,169.308,954.375,259.04999999999995,200.0,0.0,5.0
444,2023,11,22,0.0,57.4798,223.9764,993.9125,244.9375,455.0,0.0,5.0
445,2023,11,23,0.0,60.73759999999999,252.3916,861.4749999999999,246.8375,315.0,0.0,5.0
446,2023,11,24,0.0,124.87340000000005,391.7027999999999,743.7625,272.15833333333336,865.0,0.0,5.0
447,2023,11,25,0.0,5.039999999999999,22.632,553.0749999999999,284.82916666666665,25.0,0.0,5.0
448,2023,11,26,0.0,6.0946,39.54359999999999,536.0125,269.6875,55.0,0.0,5.0
449,2023,11,27,0.0,102.5936,381.1454,954.3125,265.42499999999995,665.0,0.0,5.0
450,2023,11,28,0.0,87.0692,342.24440000000004,990.3375,283.525,450.0,0.0,5.0
451,2023,11,29,0.0,48.32600000000001,190.9714,1066.425,282.0375,250.0,0.0,5.0
452,2023,11,30,0.0,53.82640000000001,170.9952,995.9791666666666,253.10416666666669,355.0,0.0,5.0
453,2024,1,1,0.0,89.7646,364.812,720.8374999999999,264.3375,480.0,0.0,5.0
454,2024,1,2,0.0,119.2734,455.5022,976.9125,261.1625,770.0,0.0,5.0
455,2024,1,3,0.0,138.7006,562.7995999999999,898.3125,283.8125,975.0,0.0,5.0
456,2024,1,4,0.0,66.3168,249.3746,1000.5625,279.32500000000005,345.0,0.0,5.0
457,2024,1,5,0.0,112.1456,484.7122,1003.4875,277.61249999999995,600.0,0.0,5.0
458,2024,1,6,0.0,23.8748,79.6724,512.5500000000001,240.325,90.0,0.0,5.0
459,2024,1,7,0.0,9.264800000000005,53.53599999999999,509.5999999999999,240.4,55.0,0.0,5.0
460,2024,1,8,0.0,67.3962,271.5196,976.1583333333332,259.95416666666665,455.0,0.0,5.0
461,2024,1,9,0.0,76.37999999999998,321.336,814.0875000000001,258.525,360.0,0.0,5.0
462,2024,1,10,0.0,197.8012,707.8753999999998,881.2083333333334,253.91666666666669,1205.0,0.0,5.0
463,2024,1,11,0.0,108.8166,396.0382,821.175,267.9125,650.0,0.0,5.0
464,2024,1,12,0.0,145.3618,517.1963999999999,976.9125,286.47083333333336,810.0,0.0,5.0
465,2024,1,13,0.0,35.40700000000001,109.5596,593.16875,283.34791666666666,175.0,0.0,5.0
466,2024,1,14,0.0,14.696000000000003,129.57999999999998,580.325,282.0,140.0,0.0,5.0
467,2024,1,15,0.0,91.8852,374.7965999999999,690.1,284.6125,625.0,0.0,5.0
468,2024,1,16,0.0,101.9774,369.6769999999999,937.6,281.725,575.0,0.0,5.0
469,2024,1,17,0.0,75.73940000000002,330.8602,1245.3375,281.6625,565.0,0.0,5.0
470,2024,1,18,0.0,139.7486,435.7313999999999,918.1125,263.95000000000005,930.0,0.0,5.0
471,2024,1,19,0.0,100.5578,369.0794,855.225,262.4375,595.0,0.0,5.0
472,2024,1,20,0.0,24.2212,104.299,507.3625,251.2,135.0,0.0,5.0
473,2024,1,21,0.0,24.4466,149.54539999999997,529.2875,251.425,275.0,0.0,5.0
474,2024,1,22,0.0,85.40420000000002,364.9748,967.575,261.5375,570.0,0.0,5.0
475,2024,1,23,0.0,73.40799999999999,367.5522,922.2875,272.475,555.0,0.0,5.0
476,2024,1,24,0.0,58.28,267.064,1120.025,300.82500000000005,305.0,0.0,5.0
477,2024,1,25,0.0,31.788000000000004,167.94,1153.4875,294.5125,185.0,0.0,5.0
478,2024,1,26,0.0,71.95160000000001,287.7888,1096.5,294.54999999999995,430.0,0.0,5.0
479,2024,1,27,0.0,5.507999999999999,21.092,568.6750000000001,283.4625,25.0,0.0,5.0
480,2024,1,28,0.0,2.0680000000000014,21.8,588.7,283.11249999999995,25.0,0.0,5.0
481,2024,1,29,0.0,122.5402,517.0041999999999,1428.2125,288.0,710.0,0.0,5.0
482,2024,1,30,0.0,73.21079999999999,255.57919999999996,1252.0124999999998,291.6625,535.0,0.0,5.0
483,2024,1,31,0.0,98.2014,448.5632,1125.5625,276.04999999999995,680.0,0.0,5.0
484,2023,4,1,0.0,11.9,20.0,833.75,250.0,20.0,0.0,4.0
485,2023,4,2,0.1583999999999967,12.356799999999993,20.000000000000004,833.75,242.85,20.0,0.0,4.0
486,2023,4,3,0.0,34.34720000000001,49.99999999999999,833.75,242.85,50.0,0.0,4.0
487,2023,4,4,1.9799999999999969,66.257,89.99999999999997,833.75,242.85,90.0,0.0,4.0
488,2023,4,5,0.0,46.908,60.000000000000014,833.75,242.90000000000003,60.0,0.0,4.0
489,2023,4,6,0.0,101.261,110.00000000000004,833.75,242.90000000000003,110.0,0.0,4.0
490,2023,4,7,1.5504000000000069,109.76019999999998,145.0,793.9625000000001,232.94166666666663,145.0,0.0,4.0
491,2023,4,8,0.0,12.046600000000003,15.000000000000004,450.3375,224.65833333333333,15.0,0.0,4.0
492,2023,4,9,0.0,23.119000000000003,30.000000000000007,451.6125,216.575,30.0,0.0,4.0
493,2023,4,10,0.8717999999999897,100.9848,120.0,1219.4916666666666,225.1833333333333,120.0,0.0,4.0
494,2023,4,11,0.0,58.6592,75.0,1068.3041666666668,216.6833333333333,75.0,0.0,4.0
495,2023,4,12,0.2920000000000051,96.3734,110.0,960.2875,213.3875,110.0,0.0,4.0
496,2023,4,13,0.4531999999999954,113.041,149.99999999999997,949.79375,219.10625,150.0,0.0,4.0
497,2023,4,14,0.1519999999999974,67.80839999999999,89.99999999999999,976.975,213.1125,90.0,0.0,4.0
498,2023,4,15,0.0,4.352,5.0,425.2,211.025,5.0,0.0,4.0
499,2023,4,16,0.0,2.5520000000000014,5.000000000000002,447.70416666666665,222.5583333333333,5.0,0.0,4.0
500,2023,4,17,0.0,33.623999999999995,45.0,900.0375,236.65,45.0,0.0,4.0
501,2023,4,18,0.0439999999999969,20.72,30.000000000000007,880.5062499999999,238.31875,30.0,0.0,4.0
502,2023,4,19,0.0,90.876,105.00000000000004,993.3625,241.4125,105.0,0.0,4.0
503,2023,4,20,0.0,79.8658,95.0,1125.8416666666667,235.1458333333333,95.0,0.0,4.0
504,2023,4,21,2.319600000000001,110.2194,135.0,1313.0125,238.3,135.0,0.0,4.0
505,2023,4,22,0.7799999999999976,24.9712,30.0,463.0958333333333,207.30416666666667,30.0,0.0,4.0
506,2023,4,23,0.0,12.691399999999998,14.999999999999996,440.0875,204.25,15.0,0.0,4.0
507,2023,4,24,0.0,67.69160000000001,85.0,1166.5875,211.2375,85.0,0.0,4.0
508,2023,4,25,1.8199999999999967,87.08479999999999,105.00000000000004,1342.6,224.8375,105.0,0.0,4.0
509,2023,4,26,0.6081999999999965,72.80219999999997,80.00000000000001,1489.275,238.7,80.0,0.0,4.0
510,2023,4,27,0.0,68.027,90.0,1651.6,245.575,90.0,0.0,4.0
511,2023,4,28,0.0,66.40780000000001,80.00000000000001,1447.4625,251.5375,80.0,0.0,4.0
512,2023,4,29,0.0,4.988000000000001,4.999999999999998,458.6208333333333,228.99166666666667,5.0,0.0,4.0
513,2023,4,30,0.0,11.092200000000004,20.0,456.1125,225.25,20.0,0.0,4.0
514,2023,6,1,0.0,96.3108,120.0,1033.9333333333332,243.54166666666663,120.0,0.0,4.0
515,2023,6,2,0.0,78.74000000000002,110.0,1078.475,230.7375,110.0,0.0,4.0
516,2023,6,3,0.1246000000000115,10.1246,9.99999999999999,497.92083333333335,221.09583333333333,10.0,0.0,4.0
517,2023,6,4,1.1007999999999996,26.873800000000003,40.0,485.4875,232.6458333333333,40.0,0.0,4.0
518,2023,6,5,0.1559999999999988,68.16260000000001,100.0,1260.6125000000002,253.9625,100.0,0.0,4.0
519,2023,6,6,0.0,56.6592,70.0,1034.11875,259.06875,70.0,0.0,4.0
520,2023,6,7,0.0,51.16,75.0,1218.8125,273.07916666666665,75.0,0.0,4.0
521,2023,6,8,0.064,71.01879999999998,90.00000000000001,1198.975,228.2083333333333,90.0,0.0,4.0
522,2023,6,9,0.0254000000000047,61.4838,80.0,1025.625,226.3625,80.0,0.0,4.0
523,2023,6,10,0.0,12.4682,14.999999999999996,455.5875,215.375,15.0,0.0,4.0
524,2023,6,11,0.0,15.721199999999998,24.999999999999996,474.3,233.35,25.0,0.0,4.0
525,2023,6,12,1.6435999999999922,143.79180000000002,175.0,1357.35,251.3875,175.0,0.0,4.0
526,2023,6,13,1.3956000000000124,69.40359999999998,74.99999999999999,1365.5,259.5875,75.0,0.0,4.0
527,2023,6,14,0.0,119.0214,155.0,1322.5875,256.04999999999995,155.0,0.0,4.0
528,2023,6,15,0.0760000000000005,109.3388,135.0,1246.3,259.8125,135.0,0.0,4.0
529,2023,6,16,0.0,74.97739999999999,90.0,1318.7125,253.1375,90.0,0.0,4.0
530,2023,6,17,0.0,10.256000000000002,15.000000000000002,524.875,248.0625,15.0,0.0,4.0
531,2023,6,18,2.9000000000000004,6.431999999999999,5.000000000000002,535.3416666666667,231.1208333333333,5.0,0.0,4.0
532,2023,6,19,0.7074000000000069,101.9282,124.99999999999996,1005.875,245.35,125.0,0.0,4.0
533,2023,6,20,0.0,58.408,65.0,1177.6,238.0,65.0,0.0,4.0
534,2023,6,21,0.0,107.49440000000004,130.00000000000003,1133.49375,234.63958333333332,130.0,0.0,4.0
535,2023,6,22,1.3149999999999975,65.82560000000001,75.0,1121.4625,244.01666666666665,75.0,0.0,4.0
536,2023,6,23,0.7445999999999984,103.02219999999996,120.0,1185.4375,244.2875,120.0,0.0,4.0
537,2023,6,24,0.0,10.924400000000006,15.0,498.2416666666667,247.5958333333333,15.0,0.0,4.0
538,2023,6,25,0.0,22.68079999999999,35.0,496.35,245.275,35.0,0.0,4.0
539,2023,6,26,2.7663999999999973,144.0396,165.0,1137.85,253.1625,165.0,0.0,4.0
540,2023,6,27,0.0,52.69800000000001,65.00000000000001,1052.0229166666668,266.81875,65.0,0.0,4.0
541,2023,6,28,0.0,50.264,60.00000000000001,1073.2375000000002,318.9833333333333,60.0,0.0,4.0
542,2023,6,29,0.044000000000004,87.84,110.0,1224.3125,330.63750000000005,110.0,0.0,4.0
543,2023,6,30,0.0840000000000031,93.87659999999998,135.0,1496.5625,337.525,135.0,0.0,4.0
544,2023,11,1,1.873000000000001,49.1666,55.00000000000001,1248.1125,288.41666666666663,55.0,0.0,4.0
545,2023,11,2,0.450600000000005,66.0546,100.0,1210.2125,278.3625,100.0,0.0,4.0
546,2023,11,3,0.4808000000000199,47.89679999999999,59.99999999999998,1287.0,276.625,60.0,0.0,4.0
547,2023,11,4,0.0,16.596,30.000000000000007,549.8125,276.2875,30.0,0.0,4.0
548,2023,11,5,0.0,18.6808,29.999999999999982,581.9625000000001,257.0,30.0,0.0,4.0
549,2023,11,6,0.8866000000000192,112.68,155.0,1302.375,259.1625,155.0,0.0,4.0
550,2023,11,7,0.2920000000000016,66.95480000000002,79.99999999999996,1267.8625,251.225,80.0,0.0,4.0
551,2023,11,8,0.0,66.82480000000001,84.99999999999997,1311.2875,263.875,85.0,0.0,4.0
552,2023,11,9,0.0,57.150000000000006,65.0,1216.5375,260.1875,65.0,0.0,4.0
553,2023,11,10,0.0,46.5372,54.99999999999999,847.725,245.575,55.0,0.0,4.0
554,2023,11,11,0.0067999999999983,10.006799999999998,10.0,569.5375,257.85,10.0,0.0,4.0
555,2023,11,12,0.0,3.968000000000007,5.0,534.65,266.8875,5.0,0.0,4.0
556,2023,11,13,0.2486000000000032,97.1444,129.99999999999997,1126.6749999999995,268.6,130.0,0.0,4.0
557,2023,11,14,0.0,94.0996,114.99999999999996,1342.8249999999998,271.85,115.0,0.0,4.0
558,2023,11,15,0.4841999999999871,97.6496,120.0,1258.5500000000002,280.825,120.0,0.0,4.0
559,2023,11,16,0.0,68.1962,90.00000000000001,1323.5,277.4125,90.0,0.0,4.0
560,2023,11,17,0.0,37.32400000000001,45.000000000000014,1173.5500000000002,269.4625,45.0,0.0,4.0
561,2023,11,18,0.0,5.160000000000002,9.999999999999998,547.3833333333333,257.6166666666667,10.0,0.0,4.0
562,2023,11,19,0.0,3.692000000000004,5.0,505.975,255.4125,5.0,0.0,4.0
563,2023,11,20,0.0,63.96039999999999,85.0,1070.4625,249.6625,85.0,0.0,4.0
564,2023,11,21,0.0,42.7068,60.0,954.375,259.04999999999995,60.0,0.0,4.0
565,2023,11,22,0.4200000000000052,57.4798,85.0,993.9125,244.9375,85.0,0.0,4.0
566,2023,11,23,0.0,60.73759999999999,85.0,861.4749999999999,246.8375,85.0,0.0,4.0
567,2023,11,24,0.0,124.87340000000005,155.00000000000003,743.7625,272.15833333333336,155.0,0.0,4.0
568,2023,11,25,0.0,5.039999999999999,10.0,553.0749999999999,284.82916666666665,10.0,0.0,4.0
569,2023,11,26,1.0945999999999927,6.0946,5.000000000000007,536.0125,269.6875,5.0,0.0,4.0
570,2023,11,27,0.0,102.5936,135.0,954.3125,265.42499999999995,135.0,0.0,4.0
571,2023,11,28,0.0,87.0692,120.0,990.3375,283.525,120.0,0.0,4.0
572,2023,11,29,0.2960000000000029,48.32600000000001,70.0,1066.425,282.0375,70.0,0.0,4.0
573,2023,11,30,0.0,53.82640000000001,60.000000000000014,995.9791666666666,253.10416666666669,60.0,0.0,4.0
574,2024,1,1,0.1080000000000005,89.7646,120.0,720.8374999999999,264.3375,120.0,0.0,4.0
575,2024,1,2,4.492000000000001,119.2734,155.0,976.9125,261.1625,155.0,0.0,4.0
576,2024,1,3,0.5119999999999933,138.7006,165.0,898.3125,283.8125,165.0,0.0,4.0
577,2024,1,4,3.544000000000004,66.3168,85.0,1000.5625,279.32500000000005,85.0,0.0,4.0
578,2024,1,5,0.0,112.1456,135.0,1003.4875,277.61249999999995,135.0,0.0,4.0
579,2024,1,6,0.0,23.8748,35.0,512.5500000000001,240.325,35.0,0.0,4.0
580,2024,1,7,0.0,9.264800000000005,9.999999999999991,509.5999999999999,240.4,10.0,0.0,4.0
581,2024,1,8,2.915999999999997,67.3962,90.00000000000001,976.1583333333332,259.95416666666665,90.0,0.0,4.0
582,2024,1,9,1.8520000000000003,76.37999999999998,110.0,814.0875000000001,258.525,110.0,0.0,4.0
583,2024,1,10,1.3455999999999833,197.8012,275.0,881.2083333333334,253.91666666666669,275.0,0.0,4.0
584,2024,1,11,0.6560000000000024,108.8166,155.0,821.175,267.9125,155.0,0.0,4.0
585,2024,1,12,1.3400000000000016,145.3618,190.00000000000003,976.9125,286.47083333333336,190.0,0.0,4.0
586,2024,1,13,0.0,35.40700000000001,40.0,593.16875,283.34791666666666,40.0,0.0,4.0
587,2024,1,14,1.8919999999999997,14.696000000000003,25.0,580.325,282.0,25.0,0.0,4.0
588,2024,1,15,1.3956000000000088,91.8852,104.99999999999996,690.1,284.6125,105.0,0.0,4.0
589,2024,1,16,0.5040000000000013,101.9774,140.00000000000003,937.6,281.725,140.0,0.0,4.0
590,2024,1,17,0.0,75.73940000000002,90.0,1245.3375,281.6625,90.0,0.0,4.0
591,2024,1,18,0.0,139.7486,159.99999999999997,918.1125,263.95000000000005,160.0,0.0,4.0
592,2024,1,19,0.0999999999999978,100.5578,130.0,855.225,262.4375,130.0,0.0,4.0
593,2024,1,20,0.0,24.2212,30.000000000000007,507.3625,251.2,30.0,0.0,4.0
594,2024,1,21,5.096999999999994,24.4466,20.0,529.2875,251.425,20.0,0.0,4.0
595,2024,1,22,0.0,85.40420000000002,110.00000000000004,967.575,261.5375,110.0,0.0,4.0
596,2024,1,23,6.548,73.40799999999999,90.0,922.2875,272.475,90.0,0.0,4.0
597,2024,1,24,0.0120000000000004,58.28,80.0,1120.025,300.82500000000005,80.0,0.0,4.0
598,2024,1,25,2.903999999999998,31.788000000000004,35.0,1153.4875,294.5125,35.0,0.0,4.0
599,2024,1,26,1.835799999999999,71.95160000000001,85.00000000000003,1096.5,294.54999999999995,85.0,0.0,4.0
600,2024,1,27,0.0,5.507999999999999,10.0,568.6750000000001,283.4625,10.0,0.0,4.0
601,2024,1,28,0.0,2.0680000000000014,5.0,588.7,283.11249999999995,5.0,0.0,4.0
602,2024,1,29,0.0,122.5402,155.0,1428.2125,288.0,155.0,0.0,4.0
603,2024,1,30,0.0,73.21079999999999,80.00000000000001,1252.0124999999998,291.6625,80.0,0.0,4.0
604,2024,1,31,0.0,98.2014,130.0,1125.5625,276.04999999999995,130.0,0.0,4.0
605,2023,4,1,0.0,11.9,18.237923267470567,833.75,250.0,18.237923267470563,0.0,2.0
606,2023,4,2,0.0,12.356799999999993,16.25960587504048,833.75,242.85,16.25960587504049,0.0,2.0
607,2023,4,3,0.0,34.34720000000001,41.43481332405886,833.75,242.85,41.43481332405887,0.0,2.0
608,2023,4,4,0.0,66.257,74.03351278750577,833.75,242.85,74.03351278750577,0.0,2.0
609,2023,4,5,0.0,46.908,55.42731920912053,833.75,242.90000000000003,55.42731920912051,0.0,2.0
610,2023,4,6,0.0,101.261,112.8910127310809,833.75,242.90000000000003,112.8910127310809,0.0,2.0
611,2023,4,7,0.0,109.76019999999998,136.6177978645427,793.9625000000001,232.94166666666663,136.61779786454272,0.0,2.0
612,2023,4,8,0.0,12.046600000000003,13.597454553862278,450.3375,224.65833333333333,13.597454553862264,0.0,2.0
613,2023,4,9,0.0,23.119000000000003,29.9045201669705,451.6125,216.575,29.90452016697049,0.0,2.0
614,2023,4,10,0.0,100.9848,124.5516142403802,1219.4916666666666,225.1833333333333,124.5516142403802,0.0,2.0
615,2023,4,11,0.0,58.6592,69.10282361564393,1068.3041666666668,216.6833333333333,69.10282361564384,0.0,2.0
616,2023,4,12,0.0,96.3734,110.75632918265327,960.2875,213.3875,110.75632918265326,0.0,2.0
617,2023,4,13,0.0,113.041,132.0327814266973,949.79375,219.10625,132.03278142669728,0.0,2.0
618,2023,4,14,0.0,67.80839999999999,81.02815884600581,976.975,213.1125,81.02815884600582,0.0,2.0
619,2023,4,15,0.0,4.352,4.492533957157153,425.2,211.025,4.492533957157155,0.0,2.0
620,2023,4,16,0.0,2.5520000000000014,4.473814106970098,447.70416666666665,222.5583333333333,4.473814106970095,0.0,2.0
621,2023,4,17,0.0,33.623999999999995,43.23941562646603,900.0375,236.65,43.23941562646601,0.0,2.0
622,2023,4,18,0.0,20.72,28.036128778414188,880.5062499999999,238.31875,28.036128778414195,0.0,2.0
623,2023,4,19,0.0,90.876,108.38816165452444,993.3625,241.4125,108.38816165452442,0.0,2.0
624,2023,4,20,0.0,79.8658,100.0365282497898,1125.8416666666667,235.1458333333333,100.0365282497898,0.0,2.0
625,2023,4,21,0.0,110.2194,130.1989036509759,1313.0125,238.3,130.19890365097586,0.0,2.0
626,2023,4,22,0.0,24.9712,31.575633495574248,463.0958333333333,207.30416666666667,31.57563349557426,0.0,2.0
627,2023,4,23,0.0,12.691399999999998,18.270470955100407,440.0875,204.25,18.2704709551004,0.0,2.0
628,2023,4,24,0.0,67.69160000000001,76.41495707823034,1166.5875,211.2375,76.41495707823029,0.0,2.0
629,2023,4,25,7.105427357601002e-15,87.08479999999999,106.3161684882654,1342.6,224.8375,106.3161684882654,0.0,2.0
630,2023,4,26,0.0,72.80219999999997,92.0128317995374,1489.275,238.7,92.01283179953737,0.0,2.0
631,2023,4,27,0.0,68.027,79.05808394260745,1651.6,245.575,79.05808394260745,0.0,2.0
632,2023,4,28,0.0,66.40780000000001,79.45941214574691,1447.4625,251.5375,79.45941214574691,0.0,2.0
633,2023,4,29,0.0,4.988000000000001,8.869352278482106,458.6208333333333,228.99166666666667,8.869352278482111,0.0,2.0
634,2023,4,30,0.0,11.092200000000004,18.1785483530316,456.1125,225.25,18.178548353031605,0.0,2.0
635,2023,6,1,0.0,96.3108,105.58253731365468,1033.9333333333332,243.54166666666663,105.58253731365464,0.0,2.0
636,2023,6,2,0.0,78.74000000000002,101.68698175535734,1078.475,230.7375,101.68698175535732,0.0,2.0
637,2023,6,3,0.0,10.1246,13.899270831362152,497.92083333333335,221.09583333333333,13.899270831362152,0.0,2.0
638,2023,6,4,0.0,26.873800000000003,31.111951525350925,485.4875,232.6458333333333,31.111951525350893,0.0,2.0
639,2023,6,5,0.0,68.16260000000001,87.87066533422401,1260.6125000000002,253.9625,87.87066533422399,0.0,2.0
640,2023,6,6,3.552713678800501e-15,56.6592,67.60262345513547,1034.11875,259.06875,67.60262345513546,0.0,2.0
641,2023,6,7,0.0,51.16,60.84600151893049,1218.8125,273.07916666666665,60.846001518930514,0.0,2.0
642,2023,6,8,0.0,71.01879999999998,90.4187127340983,1198.975,228.2083333333333,90.41871273409834,0.0,2.0
643,2023,6,9,0.0,61.4838,77.42318441607158,1025.625,226.3625,77.4231844160716,0.0,2.0
644,2023,6,10,0.0,12.4682,13.767908480482353,455.5875,215.375,13.767908480482353,0.0,2.0
645,2023,6,11,0.0,15.721199999999998,21.24488450489969,474.3,233.35,21.244884504899684,0.0,2.0
646,2023,6,12,0.0,143.79180000000002,160.63543587755203,1357.35,251.3875,160.63543587755208,0.0,2.0
647,2023,6,13,0.0,69.40359999999998,90.66334139954536,1365.5,259.5875,90.66334139954536,0.0,2.0
648,2023,6,14,0.0,119.0214,137.21123928191696,1322.5875,256.04999999999995,137.21123928191702,0.0,2.0
649,2023,6,15,7.105427357601002e-15,109.3388,124.33677642769425,1246.3,259.8125,124.3367764276942,0.0,2.0
650,2023,6,16,0.0,74.97739999999999,85.71876790399972,1318.7125,253.1375,85.71876790399972,0.0,2.0
651,2023,6,17,0.0,10.256000000000002,14.548992672766431,524.875,248.0625,14.548992672766436,0.0,2.0
652,2023,6,18,0.0,6.431999999999999,8.959222927925028,535.3416666666667,231.1208333333333,8.95922292792503,0.0,2.0
653,2023,6,19,0.0,101.9282,122.01087633882383,1005.875,245.35,122.01087633882383,0.0,2.0
654,2023,6,20,0.0,58.408,70.73171786177825,1177.6,238.0,70.73171786177824,0.0,2.0
655,2023,6,21,0.0,107.49440000000004,128.9143559742148,1133.49375,234.63958333333332,128.9143559742148,0.0,2.0
656,2023,6,22,7.105427357601002e-15,65.82560000000001,80.38097731770017,1121.4625,244.01666666666665,80.38097731770014,0.0,2.0
657,2023,6,23,0.0,103.02219999999996,124.94610669699124,1185.4375,244.2875,124.94610669699124,0.0,2.0
658,2023,6,24,0.0,10.924400000000006,13.785538958840412,498.2416666666667,247.5958333333333,13.785538958840403,0.0,2.0
659,2023,6,25,0.0,22.68079999999999,31.673519965504333,496.35,245.275,31.673519965504344,0.0,2.0
660,2023,6,26,7.105427357601002e-15,121.9614,143.08925190776125,1137.85,253.1625,143.0892519077612,0.0,2.0
661,2023,6,27,0.0,52.69800000000001,65.6914074294938,1052.0229166666668,266.81875,65.69140742949381,0.0,2.0
662,2023,6,28,3.552713678800501e-15,50.264,62.67713538429395,1073.2375000000002,318.9833333333333,62.67713538429395,0.0,2.0
663,2023,6,29,0.0,87.84,106.34875346304231,1224.3125,330.63750000000005,106.34875346304231,0.0,2.0
664,2023,6,30,0.0,93.87659999999998,115.72093256430776,1496.5625,337.525,115.72093256430776,0.0,2.0
665,2023,11,1,0.0,49.1666,59.50474444738092,1248.1125,288.41666666666663,59.50474444738089,0.0,2.0
666,2023,11,2,0.0,66.0546,84.93440706538189,1210.2125,278.3625,84.93440706538192,0.0,2.0
667,2023,11,3,0.0,47.89679999999999,58.4611621894386,1287.0,276.625,58.46116218943861,0.0,2.0
668,2023,11,4,0.0,16.596,22.159958775475506,549.8125,276.2875,22.159958775475506,0.0,2.0
669,2023,11,5,0.0,18.6808,29.65657216672745,581.9625000000001,257.0,29.656572166727425,0.0,2.0
670,2023,11,6,0.0,112.68,128.023026798293,1302.375,259.1625,128.0230267982929,0.0,2.0
671,2023,11,7,0.0,66.95480000000002,85.29293537151605,1267.8625,251.225,85.29293537151604,0.0,2.0
672,2023,11,8,0.0,66.82480000000001,75.11723957102949,1311.2875,263.875,75.1172395710295,0.0,2.0
673,2023,11,9,0.0,57.150000000000006,70.49404423859914,1216.5375,260.1875,70.49404423859914,0.0,2.0
674,2023,11,10,0.0,46.5372,56.24821334934752,847.725,245.575,56.248213349347495,0.0,2.0
675,2023,11,11,0.0,10.006799999999998,13.698975701994732,569.5375,257.85,13.698975701994744,0.0,2.0
676,2023,11,12,0.0,3.968000000000007,4.663904577868074,534.65,266.8875,4.663904577868074,0.0,2.0
677,2023,11,13,0.0,97.1444,113.61036933738592,1126.6749999999995,268.6,113.6103693373859,0.0,2.0
678,2023,11,14,0.0,94.0996,105.0973968534531,1342.8249999999998,271.85,105.0973968534531,0.0,2.0
679,2023,11,15,0.0,97.6496,115.93545945699634,1258.5500000000002,280.825,115.93545945699634,0.0,2.0
680,2023,11,16,0.0,68.1962,80.88677827260936,1323.5,277.4125,80.88677827260935,0.0,2.0
681,2023,11,17,0.0,37.32400000000001,51.18277127989677,1173.5500000000002,269.4625,51.182771279896784,0.0,2.0
682,2023,11,18,0.0,5.160000000000002,9.161442134142527,547.3833333333333,257.6166666666667,9.16144213414253,0.0,2.0
683,2023,11,19,0.0,3.692000000000004,4.421774797784721,505.975,255.4125,4.421774797784723,0.0,2.0
684,2023,11,20,3.552713678800501e-15,63.96039999999999,80.57958883521091,1070.4625,249.6625,80.57958883521091,0.0,2.0
685,2023,11,21,0.0,42.7068,56.83684348516257,954.375,259.04999999999995,56.83684348516255,0.0,2.0
686,2023,11,22,0.0,57.4798,71.37303346055087,993.9125,244.9375,71.37303346055089,0.0,2.0
687,2023,11,23,0.0,60.73759999999999,77.10448528752357,861.4749999999999,246.8375,77.10448528752359,0.0,2.0
688,2023,11,24,0.0,124.87340000000005,143.10814851254435,743.7625,272.15833333333336,143.10814851254435,0.0,2.0
689,2023,11,25,0.0,5.039999999999999,9.162034407393048,553.0749999999999,284.82916666666665,9.162034407393056,0.0,2.0
690,2023,11,26,0.0,6.0946,9.111858364429818,536.0125,269.6875,9.11185836442981,0.0,2.0
691,2023,11,27,0.0,102.5936,115.9670055719591,954.3125,265.42499999999995,115.96700557195912,0.0,2.0
692,2023,11,28,7.105427357601002e-15,87.0692,105.4643742890982,990.3375,283.525,105.46437428909816,0.0,2.0
693,2023,11,29,0.0,48.32600000000001,61.26027237191562,1066.425,282.0375,61.260272371915626,0.0,2.0
694,2023,11,30,0.0,53.82640000000001,57.430894576417685,995.9791666666666,253.10416666666669,57.43089457641769,0.0,2.0
695,2024,1,1,0.0,89.7646,109.41301524584996,720.8374999999999,264.3375,109.41301524584996,0.0,2.0
696,2024,1,2,0.0,119.2734,145.3429853090295,976.9125,261.1625,145.3429853090295,0.0,2.0
697,2024,1,3,3.552713678800501e-15,138.7006,170.33592738276474,898.3125,283.8125,170.3359273827648,0.0,2.0
698,2024,1,4,0.0,66.3168,75.9155410531913,1000.5625,279.32500000000005,75.91554105319128,0.0,2.0
699,2024,1,5,0.0,112.1456,125.18716029132484,1003.4875,277.61249999999995,125.18716029132484,0.0,2.0
700,2024,1,6,0.0,23.8748,29.58355742963788,512.5500000000001,240.325,29.583557429637885,0.0,2.0
701,2024,1,7,0.0,9.264800000000005,14.15400087497367,509.5999999999999,240.4,14.154000874973658,0.0,2.0
702,2024,1,8,0.0,67.3962,79.78479917184322,976.1583333333332,259.95416666666665,79.78479917184322,0.0,2.0
703,2024,1,9,0.0,76.37999999999998,90.48091030586278,814.0875000000001,258.525,90.48091030586276,0.0,2.0
704,2024,1,10,0.0,197.8012,231.59088313008544,881.2083333333334,253.91666666666669,231.59088313008536,0.0,2.0
705,2024,1,11,0.0,108.8166,126.90589215327978,821.175,267.9125,126.90589215327978,0.0,2.0
706,2024,1,12,3.552713678800501e-15,145.3618,174.8882871120411,976.9125,286.47083333333336,174.88828711204116,0.0,2.0
707,2024,1,13,0.0,35.40700000000001,41.04776400969608,593.16875,283.34791666666666,41.04776400969609,0.0,2.0
708,2024,1,14,0.0,14.696000000000003,20.37993003454485,580.325,282.0,20.37993003454485,0.0,2.0
709,2024,1,15,3.552713678800501e-15,91.8852,109.79386985729936,690.1,284.6125,109.79386985729936,0.0,2.0
710,2024,1,16,0.0,101.9774,118.24559605279056,937.6,281.725,118.24559605279052,0.0,2.0
711,2024,1,17,0.0,75.73940000000002,103.43669523620804,1245.3375,281.6625,103.43669523620804,0.0,2.0
712,2024,1,18,0.0,139.7486,153.63831684660772,918.1125,263.95000000000005,153.6383168466077,0.0,2.0
713,2024,1,19,0.0,100.5578,123.5959095706184,855.225,262.4375,123.59590957061836,0.0,2.0
714,2024,1,20,0.0,24.2212,30.336455085706277,507.3625,251.2,30.336455085706262,0.0,2.0
715,2024,1,21,0.0,24.4466,34.29052163490551,529.2875,251.425,34.290521634905495,0.0,2.0
716,2024,1,22,0.0,85.40420000000002,100.74127735812878,967.575,261.5375,100.74127735812878,0.0,2.0
717,2024,1,23,0.0,73.40799999999999,86.44313675337018,922.2875,272.475,86.44313675337017,0.0,2.0
718,2024,1,24,0.0,58.28,75.64660006427555,1120.025,300.82500000000005,75.64660006427553,0.0,2.0
719,2024,1,25,0.0,31.788000000000004,40.098575722866826,1153.4875,294.5125,40.098575722866826,0.0,2.0
720,2024,1,26,0.0,71.95160000000001,83.07894154381113,1096.5,294.54999999999995,83.07894154381114,0.0,2.0
721,2024,1,27,0.0,5.507999999999999,9.107603262824997,568.6750000000001,283.4625,9.107603262824997,0.0,2.0
722,2024,1,28,0.0,2.0680000000000014,4.457398827279327,588.7,283.11249999999995,4.457398827279327,0.0,2.0
723,2024,1,29,3.552713678800501e-15,122.5402,149.4618136615776,1428.2125,288.0,149.4618136615776,0.0,2.0
724,2024,1,30,0.0,73.21079999999999,83.46311721113793,1252.0124999999998,291.6625,83.46311721113787,0.0,2.0
725,2024,1,31,0.0,98.2014,119.02151664858404,1125.5625,276.04999999999995,119.02151664858404,0.0,2.0
